{"products":[{"id":"0.350137769177421","qty":1}],"totalPrice":19.98999999999999}